{
  "r": {
    "count": 917770752,
    "mean": 0.4819583964123793,
    "varianceAcc": 7.322904313681386E7
  },
  "g": {
    "count": 917770752,
    "mean": 0.4589510296840253,
    "varianceAcc":6.93506219883118E7
  },
  "b": {
    "count": 917770752,
    "mean": 0.40949643474809355,
    "varianceAcc": 7.655213365304075E7
  }
}
