{
  "r": {
    "count": 9186698240,
    "mean": 0.48035483155236325,
    "varianceAcc": 7.340459021129091E8
  },
  "g": {
    "count": 9186698240,
    "mean": 0.45674153943857615,
    "varianceAcc": 6.937558401111389E8
  },
  "b": {
    "count": 9186698240,
    "mean": 0.40744086084610875,
    "varianceAcc": 7.64854035824522E8
  }
}
